{"id": "INT_16", "epsilon": 0.2981456616707162, "total_steps": 62, "q_table": {"(5, 0, 2, 1)": [-14.65, 0.0, 0.0, 0.0, 0.0, 0.0, 0.0], "(10, 1, 2, 0)": [-23.67, 0.0, 0.0, 0.0, 0.0, 0.0, 0.0], "(10, 2, 2, 1)": [-29.8, 0.0, 0.0, 0.0, 0.0, 0.0, 0.0], "(10, 2, 2, 0)": [-39.03, 0.0, 0.0, 0.0, 0.0, 0.0, 0.0], "(10, 3, 2, 1)": [-43.36000000000001, 0.0, 0.0, 0.0, 0.0, 0.0, 0.0], "(10, 3, 2, 0)": [-52.09, 0.0, 0.0, 0.0, 0.0, 0.0, 0.0], "(10, 5, 2, 1)": [-1103.014991795, -1265.56229143625, -976.1856253125001, -1127.2010506112501, -991.8811897500001, -901.91146475, -1123.51715165], "(10, 5, 2, 0)": [-951.5377847500001, -1514.38593058125, -749.92130275, -943.3374832500001, -800.1971847500001, -866.6049810000001, -1302.2096012125]}}