{"id": "INT_16", "epsilon": 0.29192038458646374, "total_steps": 274, "q_table": {"(3, 0, 2, 1)": [-13.580000000000002, 0.0, 0.0, 0.0, 0.0, 0.0, 0.0], "(10, 1, 2, 0)": [-20.82, 0.0, 0.0, 0.0, 0.0, 0.0, 0.0], "(10, 1, 2, 1)": [-31.860000000000003, 0.0, 0.0, 0.0, 0.0, 0.0, 0.0], "(10, 3, 2, 0)": [-36.69, 0.0, 0.0, 0.0, 0.0, 0.0, 0.0], "(10, 3, 2, 1)": [-41.82, 0.0, 0.0, 0.0, 0.0, 0.0, 0.0], "(10, 4, 2, 0)": [-49.7, -60.85, 0.0, 0.0, 0.0, 0.0, 0.0], "(10, 5, 2, 1)": [-3289.6388193074986, -2802.9012026762525, -3037.432782630567, -2591.838609962196, -2961.610697491168, -3772.8641372585394, -3177.9652303538055], "(10, 5, 2, 0)": [-2705.4676479568593, -3229.8508397417418, -2623.49812881077, -3287.171655261356, -3557.896078040682, -2842.525520860553, -2939.7161652067234], "(10, 5, 3, 0)": [-8931.829819380733, -9882.364505346823, -8682.211331507888, -8491.360144670622, -8376.200340345173, -8652.696037178348, -9147.346996555862], "(10, 5, 3, 1)": [-9416.127969483274, -9203.194357714283, -9787.614081403997, -8889.681291744379, -8138.857647167134, -8667.252129549615, -9016.88396030661]}}