{"id": "INT_14", "epsilon": 0.2981456616707162, "total_steps": 62, "q_table": {"(5, 0, 2, 1)": [-12.040000000000001, 0.0, 0.0, 0.0, 0.0, 0.0, 0.0], "(8, 1, 2, 0)": [0.0, 0.0, 0.0, -16.77, 0.0, 0.0, 0.0], "(10, 1, 2, 0)": [-27.330000000000002, 0.0, 0.0, 0.0, 0.0, 0.0, 0.0], "(10, 2, 2, 1)": [-32.06, 0.0, 0.0, 0.0, 0.0, 0.0, 0.0], "(10, 3, 2, 0)": [-43.46000000000001, 0.0, 0.0, 0.0, 0.0, 0.0, 0.0], "(10, 4, 2, 1)": [-54.33, 0.0, 0.0, -48.510000000000005, 0.0, 0.0, 0.0], "(10, 5, 2, 0)": [-869.5030186000001, -628.3289795000001, -748.135178, -884.756924025, -821.8243909500001, -959.3902105000001, -692.3820264999999], "(10, 5, 2, 1)": [-1177.4831612750002, -841.93972125, -912.00622195, -1203.13174155, -1415.4289564, -1094.0351281275002, -1184.3405216012502]}}