{"id": "INT_02", "epsilon": 0.2918911925480051, "total_steps": 274, "q_table": {"(4, 0, 2, 1)": [-11.83, 0.0, 0.0, 0.0, 0.0, 0.0, 0.0], "(8, 1, 2, 0)": [-19.52, 0.0, 0.0, 0.0, 0.0, 0.0, 0.0], "(10, 1, 2, 1)": [-26.57, 0.0, 0.0, 0.0, 0.0, 0.0, 0.0], "(10, 2, 2, 0)": [0.0, -34.45, 0.0, 0.0, 0.0, 0.0, 0.0], "(10, 3, 2, 1)": [-42.95, 0.0, 0.0, 0.0, 0.0, 0.0, 0.0], "(10, 3, 2, 0)": [-56.53, 0.0, 0.0, 0.0, 0.0, 0.0, 0.0], "(10, 5, 2, 1)": [-3127.9500669176014, -2960.126440189256, -3341.8877022666147, -3293.5968552474587, -2813.1119766253, -3107.5344381759364, -2919.660863447906], "(10, 5, 2, 0)": [-3120.2802171510875, -3526.10001552084, -3261.9637194161733, -2745.73138823357, -3565.7891571082782, -3445.5903245651716, -3193.5477116628726], "(10, 5, 3, 0)": [-8553.754875649953, -9483.512669633266, -8454.855480594186, -8323.841109428176, -9401.582601187998, -8800.592950066779, -8983.632873812168], "(10, 5, 3, 1)": [-8734.470452506077, -8935.32558146838, -8675.555897347978, -9363.46892120359, -9779.529342648868, -9181.624991687271, -8648.068520211931]}}