{"id": "INT_09", "epsilon": 0.2981456616707162, "total_steps": 62, "q_table": {"(4, 0, 2, 1)": [0.0, -9.18, 0.0, 0.0, 0.0, 0.0, 0.0], "(6, 0, 2, 0)": [0.0, -16.400000000000002, 0.0, 0.0, 0.0, 0.0, 0.0], "(10, 1, 2, 1)": [-27.55, 0.0, 0.0, 0.0, 0.0, 0.0, 0.0], "(10, 2, 2, 0)": [-35.330000000000005, 0.0, 0.0, 0.0, 0.0, 0.0, 0.0], "(10, 3, 2, 1)": [-46.13, 0.0, 0.0, 0.0, 0.0, 0.0, 0.0], "(10, 4, 2, 1)": [-52.970000000000006, 0.0, 0.0, 0.0, 0.0, 0.0, 0.0], "(10, 4, 2, 0)": [-60.7, 0.0, 0.0, 0.0, 0.0, 0.0, 0.0], "(10, 5, 2, 1)": [-930.9618562500002, -1042.9688888250002, -1146.3678326787501, -765.1035292500001, -851.6632255000002, -1192.2545771250002, -1022.80879425], "(10, 5, 2, 0)": [-902.87811925, -1035.5675321925, -1155.8977834175, -1281.7795840750002, -1226.45799815375, -1076.95505235, -919.37253625]}}