{"id": "INT_17", "epsilon": 0.2918911925480051, "total_steps": 274, "q_table": {"(4, 0, 2, 1)": [-12.68, 0.0, 0.0, 0.0, 0.0, 0.0, 0.0], "(9, 1, 2, 0)": [-19.09, 0.0, 0.0, 0.0, 0.0, 0.0, 0.0], "(10, 1, 2, 1)": [-24.5, 0.0, 0.0, 0.0, 0.0, 0.0, 0.0], "(10, 2, 2, 0)": [-28.880000000000003, 0.0, 0.0, 0.0, 0.0, 0.0, 0.0], "(10, 2, 2, 1)": [-34.47, 0.0, 0.0, 0.0, 0.0, 0.0, 0.0], "(10, 3, 2, 0)": [-39.53, 0.0, 0.0, 0.0, 0.0, 0.0, 0.0], "(10, 3, 2, 1)": [-46.85, 0.0, 0.0, 0.0, 0.0, 0.0, 0.0], "(10, 4, 2, 0)": [0.0, 0.0, 0.0, 0.0, 0.0, 0.0, -56.83], "(10, 5, 2, 0)": [-2808.938187123315, -3390.6541465865744, -2408.7696448106817, -3159.059300487718, -2581.5304290262097, -2932.7846882242015, -2669.0767277632976], "(10, 5, 2, 1)": [-3247.9565773953036, -2962.0524132739633, -2670.762958667855, -2967.3306513432326, -2824.196136261121, -2983.2705229472485, -3204.595717189945], "(10, 5, 3, 1)": [-8438.604125083544, -7910.966358220854, -8783.330026419571, -8238.795808075676, -8987.181096042192, -7659.228726623085, -7592.8579108919785], "(10, 5, 3, 0)": [-7779.955337800551, -8985.153469785599, -8494.129729617633, -8578.479840491871, -8424.427829453027, -8383.952059812538, -8377.745730296436]}}