{"id": "INT_06", "epsilon": 0.2981754792186381, "total_steps": 62, "q_table": {"(2, 0, 2, 1)": [-8.340000000000002, 0.0, 0.0, 0.0, 0.0, 0.0, 0.0], "(6, 0, 2, 0)": [-14.21, 0.0, 0.0, 0.0, 0.0, 0.0, 0.0], "(10, 1, 2, 1)": [-21.650000000000002, 0.0, 0.0, 0.0, 0.0, 0.0, 0.0], "(10, 1, 2, 0)": [-33.480000000000004, 0.0, 0.0, 0.0, 0.0, 0.0, 0.0], "(10, 3, 2, 1)": [-35.49, 0.0, 0.0, 0.0, 0.0, 0.0, 0.0], "(10, 3, 2, 0)": [0.0, -47.71000000000001, 0.0, 0.0, 0.0, 0.0, 0.0], "(10, 4, 2, 1)": [-51.620000000000005, 0.0, 0.0, 0.0, 0.0, 0.0, 0.0], "(10, 4, 2, 0)": [0.0, 0.0, 0.0, 0.0, 0.0, -59.02000000000001, 0.0], "(10, 5, 2, 0)": [-895.19813275, -960.6200042500001, -689.9405015, -1049.9041482175003, -1023.91527247625, -825.4004997500001, -1019.378597625], "(10, 5, 2, 1)": [-1027.255768075, -960.7961882000001, -1083.01578745125, -1240.2447896425003, -770.93412855, -870.06133675, -1185.3282655675002]}}