{"id": "INT_07", "epsilon": 0.2981456616707162, "total_steps": 62, "q_table": {"(3, 0, 2, 1)": [-9.0, 0.0, 0.0, 0.0, 0.0, 0.0, 0.0], "(6, 0, 2, 0)": [0.0, -17.47, 0.0, 0.0, 0.0, 0.0, 0.0], "(10, 1, 2, 1)": [-26.3, 0.0, 0.0, 0.0, 0.0, 0.0, 0.0], "(10, 2, 2, 0)": [-35.4, 0.0, 0.0, 0.0, 0.0, 0.0, 0.0], "(10, 3, 2, 1)": [0.0, -41.04, 0.0, 0.0, 0.0, 0.0, 0.0], "(10, 3, 2, 0)": [-49.230000000000004, 0.0, 0.0, 0.0, 0.0, 0.0, 0.0], "(10, 4, 2, 1)": [0.0, 0.0, 0.0, 0.0, 0.0, -54.92000000000001, 0.0], "(10, 5, 2, 1)": [-804.7760316, -1262.5346948375002, -982.93709755, -1080.4824765375001, -1135.0634614275, -1715.19060853675, -1217.8607209025001], "(10, 5, 2, 0)": [-539.1293725, -616.9726145000001, -1066.144356455, -814.8547982875001, -1210.5570528275, -865.4042455, -448.34530000000007]}}