{"id": "INT_19", "epsilon": 0.29192038458646374, "total_steps": 274, "q_table": {"(3, 0, 2, 1)": [0.0, 0.0, 0.0, 0.0, -8.85, 0.0, 0.0], "(6, 0, 2, 1)": [0.0, 0.0, -13.540000000000001, 0.0, 0.0, 0.0, 0.0], "(9, 1, 2, 0)": [-20.01, 0.0, 0.0, 0.0, 0.0, 0.0, 0.0], "(10, 1, 2, 1)": [-26.25, 0.0, 0.0, 0.0, 0.0, 0.0, 0.0], "(10, 2, 2, 0)": [0.0, -39.800000000000004, 0.0, -31.57, 0.0, 0.0, 0.0], "(10, 3, 2, 1)": [-50.81, 0.0, 0.0, 0.0, 0.0, 0.0, 0.0], "(10, 5, 2, 0)": [-2625.278466162763, -3017.145933042756, -3231.1603121057447, -3485.5404066602155, -3061.8888914698628, -2769.2488031675184, -2966.9339357526533], "(10, 5, 2, 1)": [-3276.161965314499, -2913.3117716889765, -2956.436171898093, -3100.71422040617, -3130.3803817206967, -3209.197536984974, -3278.663543675852], "(10, 5, 3, 1)": [-8559.810620610666, -8803.768226814565, -8599.517913550297, -8382.880896358825, -8833.091527206474, -9633.10781824401, -9007.93045546036], "(10, 5, 3, 0)": [-8814.755288973472, -8100.217570514415, -8541.850133268157, -9803.068230425572, -8045.5617027874505, -8673.517969093065, -8083.905809830509]}}