{"id": "INT_13", "epsilon": 0.2981456616707162, "total_steps": 62, "q_table": {"(5, 0, 2, 1)": [-19.21, 0.0, 0.0, 0.0, 0.0, 0.0, 0.0], "(10, 1, 2, 0)": [-28.400000000000002, 0.0, 0.0, 0.0, 0.0, 0.0, 0.0], "(10, 2, 2, 1)": [-33.88, 0.0, 0.0, 0.0, 0.0, 0.0, 0.0], "(10, 3, 2, 0)": [-50.53, 0.0, 0.0, 0.0, -38.22, 0.0, 0.0], "(10, 4, 2, 1)": [-57.21000000000001, 0.0, 0.0, 0.0, 0.0, 0.0, 0.0], "(10, 5, 2, 0)": [-1170.24992280125, -1375.83938114375, -1071.65941878375, -806.780397, -1025.413224175, -1140.7464689000003, -765.2273137499999], "(10, 5, 2, 1)": [-1068.2088383250002, -709.26522125, -808.0558145, -970.5881305, -1093.6964385750002, -1520.58826408625, -927.3176912499999]}}