{"id": "INT_20", "epsilon": 0.29192038458646374, "total_steps": 274, "q_table": {"(3, 0, 2, 1)": [-10.16, 0.0, 0.0, 0.0, 0.0, 0.0, 0.0], "(7, 0, 2, 0)": [-13.480000000000002, 0.0, 0.0, 0.0, 0.0, 0.0, 0.0], "(9, 1, 2, 1)": [0.0, 0.0, 0.0, -19.82, 0.0, 0.0, 0.0], "(10, 1, 2, 1)": [-29.52, 0.0, 0.0, 0.0, 0.0, 0.0, 0.0], "(10, 2, 2, 0)": [-32.39, 0.0, 0.0, 0.0, 0.0, 0.0, 0.0], "(10, 2, 2, 1)": [-42.7, 0.0, 0.0, 0.0, 0.0, 0.0, 0.0], "(10, 4, 2, 0)": [-51.07, 0.0, 0.0, 0.0, 0.0, 0.0, 0.0], "(10, 5, 2, 1)": [-3388.406949246092, -3025.8080030191595, -2811.322184234731, -2583.3063478180125, -2516.973550448187, -2802.167577593134, -2904.6442118089217], "(10, 5, 2, 0)": [-3036.7947008117903, -3316.4158603961037, -2706.2839026231195, -2904.063333400908, -3211.2682070652336, -3260.0813772193947, -2974.4513125251738], "(10, 5, 3, 1)": [-8806.26401975864, -8634.79831806877, -9265.994732904946, -10601.458610998445, -8620.824893899888, -9010.874678046053, -8822.714139474296], "(10, 5, 3, 0)": [-8340.260952994588, -8735.801143264023, -8462.94740179177, -9114.30824335261, -8415.198087934963, -8765.18208272544, -9041.786469940118]}}