{"id": "INT_04", "epsilon": 0.2981456616707162, "total_steps": 62, "q_table": {"(7, 0, 2, 1)": [-16.1, 0.0, 0.0, 0.0, 0.0, 0.0, 0.0], "(10, 1, 2, 0)": [-20.96, 0.0, 0.0, 0.0, 0.0, 0.0, 0.0], "(10, 1, 2, 1)": [-28.8, 0.0, 0.0, 0.0, 0.0, 0.0, 0.0], "(10, 2, 2, 0)": [-40.61000000000001, 0.0, 0.0, 0.0, 0.0, 0.0, 0.0], "(10, 3, 2, 1)": [-50.77, 0.0, 0.0, 0.0, 0.0, 0.0, 0.0], "(10, 5, 2, 0)": [-895.4930596325, -982.2181853025002, -750.4948294999999, -913.7248852750001, -831.4771987500001, -1039.4339378250002, -1187.7973333324999], "(10, 4, 2, 1)": [-57.86000000000001, 0.0, 0.0, 0.0, 0.0, 0.0, 0.0], "(10, 5, 2, 1)": [-943.9953145250001, -965.25021885, -1061.8200125, -1223.0120125275002, -796.3172039250001, -1180.1845662825, -1128.5548848525]}}