{"id": "INT_11", "epsilon": 0.2981456616707162, "total_steps": 62, "q_table": {"(5, 0, 2, 1)": [-14.05, 0.0, 0.0, 0.0, 0.0, 0.0, 0.0], "(10, 1, 2, 0)": [-16.990000000000002, 0.0, 0.0, 0.0, 0.0, 0.0, 0.0], "(10, 1, 2, 1)": [-22.03, 0.0, 0.0, 0.0, 0.0, 0.0, 0.0], "(10, 2, 2, 0)": [-30.04, 0.0, 0.0, 0.0, 0.0, 0.0, 0.0], "(10, 3, 2, 1)": [-44.97, 0.0, 0.0, 0.0, 0.0, 0.0, -38.5], "(10, 3, 2, 0)": [-54.510000000000005, 0.0, 0.0, 0.0, 0.0, 0.0, 0.0], "(10, 5, 2, 1)": [-1085.0700578750002, -1226.0635704225, -963.829614, -908.30866175, -1248.0922338595, -1036.8699724037501, -942.83629875], "(10, 5, 2, 0)": [-1028.05474551625, -639.90486825, -688.83059325, -820.16807007875, -1286.6284982700502, -809.89865325, -800.6174515]}}