{"id": "INT_05", "epsilon": 0.2981456616707162, "total_steps": 62, "q_table": {"(5, 0, 2, 1)": [-13.280000000000001, 0.0, 0.0, 0.0, 0.0, 0.0, 0.0], "(9, 1, 2, 0)": [-19.330000000000002, 0.0, 0.0, 0.0, 0.0, 0.0, 0.0], "(10, 1, 2, 1)": [-21.28, 0.0, 0.0, 0.0, 0.0, 0.0, 0.0], "(10, 1, 2, 0)": [-27.450000000000003, 0.0, 0.0, 0.0, 0.0, 0.0, 0.0], "(10, 2, 2, 1)": [-36.44, 0.0, 0.0, 0.0, 0.0, 0.0, 0.0], "(10, 3, 2, 1)": [-41.68000000000001, 0.0, 0.0, 0.0, 0.0, 0.0, 0.0], "(10, 3, 2, 0)": [-49.31, 0.0, 0.0, 0.0, 0.0, 0.0, 0.0], "(10, 4, 2, 1)": [-56.69, 0.0, 0.0, 0.0, 0.0, 0.0, 0.0], "(10, 5, 2, 0)": [-1223.155139905, -990.6644256000002, -650.3711290000001, -753.3841880000001, -701.8801785, -765.6617550000001, -1052.950043325], "(10, 5, 2, 1)": [-1148.2051982550001, -1241.3263525000002, -914.4142868250001, -1105.926032855, -886.3787625, -880.46047625, -809.343104]}}