{"id": "INT_04", "epsilon": 0.2918911925480051, "total_steps": 274, "q_table": {"(4, 0, 2, 1)": [-12.770000000000001, 0.0, 0.0, 0.0, 0.0, 0.0, 0.0], "(9, 1, 2, 0)": [-20.240000000000002, 0.0, 0.0, 0.0, 0.0, 0.0, 0.0], "(10, 1, 2, 1)": [-23.6, 0.0, 0.0, 0.0, 0.0, 0.0, 0.0], "(10, 2, 2, 0)": [-30.380000000000003, 0.0, 0.0, 0.0, 0.0, 0.0, 0.0], "(10, 3, 2, 1)": [0.0, 0.0, -35.830000000000005, 0.0, 0.0, 0.0, 0.0], "(10, 3, 2, 0)": [-45.29, 0.0, 0.0, 0.0, 0.0, 0.0, 0.0], "(10, 4, 2, 1)": [-46.92, -59.79, 0.0, 0.0, 0.0, 0.0, 0.0], "(10, 4, 2, 0)": [-49.31, 0.0, 0.0, 0.0, 0.0, 0.0, 0.0], "(10, 5, 2, 0)": [-3097.5815172396906, -3267.4185088809095, -2890.8152624973754, -2847.7128106810587, -2846.3557155517083, -3108.2255094232632, -2966.193548575029], "(10, 5, 2, 1)": [-3270.4589367044828, -2932.4413300587275, -3193.4882502609903, -3421.6150017821187, -2981.498430632563, -2816.343863183786, -2781.105086753178], "(10, 5, 3, 1)": [-9402.26894772768, -8947.2289277359, -9415.830594694833, -8887.714084727166, -8522.172316894499, -8214.964693896545, -8796.456465516456], "(10, 5, 3, 0)": [-9540.044703350492, -8696.504011046556, -8870.661869061354, -8193.061844681655, -8413.062987565165, -9596.559746702645, -8885.494207376683]}}