{"id": "INT_12", "epsilon": 0.2918911925480051, "total_steps": 274, "q_table": {"(3, 0, 2, 1)": [-9.040000000000001, 0.0, 0.0, 0.0, 0.0, 0.0, 0.0], "(6, 0, 2, 0)": [-15.75, 0.0, 0.0, 0.0, 0.0, 0.0, 0.0], "(10, 1, 2, 1)": [-20.35, 0.0, 0.0, 0.0, 0.0, 0.0, 0.0], "(10, 1, 2, 0)": [0.0, 0.0, 0.0, -26.880000000000003, 0.0, 0.0, 0.0], "(10, 2, 2, 0)": [-32.63, 0.0, 0.0, 0.0, 0.0, 0.0, 0.0], "(10, 3, 2, 1)": [-41.59, 0.0, 0.0, 0.0, 0.0, 0.0, 0.0], "(10, 4, 2, 0)": [0.0, 0.0, -46.11000000000001, 0.0, 0.0, 0.0, 0.0], "(10, 4, 2, 1)": [-54.14, 0.0, 0.0, 0.0, 0.0, 0.0, 0.0], "(10, 5, 2, 0)": [-2907.46076376106, -4096.612953621104, -2821.1495734341206, -3207.9784384032546, -2678.618610657554, -2768.528985230755, -3043.130394946316], "(10, 5, 2, 1)": [-2762.909029481989, -2903.827523268474, -3152.125393026862, -3235.648589760931, -3165.8377873313602, -3033.378895605668, -3086.7662047777576], "(10, 5, 3, 0)": [-8663.871084252107, -9089.881788475894, -8857.880625702608, -9172.515334523137, -9198.574148599811, -8878.509720949689, -9283.498320506083], "(10, 5, 3, 1)": [-8603.309839671045, -9046.406563199016, -9216.606701658118, -9856.018252139327, -8398.883055241815, -9641.44682587093, -9067.274792009535]}}