{"id": "INT_15", "epsilon": 0.2918911925480051, "total_steps": 274, "q_table": {"(3, 0, 2, 1)": [-10.86, 0.0, 0.0, 0.0, 0.0, 0.0, 0.0], "(7, 1, 2, 0)": [-17.41, 0.0, 0.0, 0.0, 0.0, 0.0, 0.0], "(10, 1, 2, 1)": [-22.03, 0.0, 0.0, 0.0, 0.0, 0.0, 0.0], "(10, 2, 2, 0)": [-29.830000000000002, 0.0, 0.0, 0.0, 0.0, 0.0, 0.0], "(10, 2, 2, 1)": [0.0, 0.0, 0.0, 0.0, 0.0, 0.0, -37.980000000000004], "(10, 3, 2, 1)": [-44.410000000000004, 0.0, 0.0, 0.0, 0.0, 0.0, 0.0], "(10, 4, 2, 0)": [-50.330000000000005, 0.0, 0.0, 0.0, 0.0, 0.0, 0.0], "(10, 4, 2, 1)": [-57.95, 0.0, 0.0, 0.0, 0.0, 0.0, 0.0], "(10, 5, 2, 0)": [-3065.1643555993105, -3282.5904439938604, -2577.343737455623, -2521.237836709677, -3489.335678167887, -2850.7175936324356, -2405.88484134862], "(10, 5, 2, 1)": [-3793.976727041026, -3623.655818707947, -2978.9834713296577, -2845.1981705948283, -3260.3284248061564, -3465.776887401285, -3321.6940674531456], "(10, 5, 3, 0)": [-8669.617499839766, -8261.430072752331, -8867.400802635655, -8895.890930817546, -8961.615515353053, -8185.322948889911, -9549.49815025238], "(10, 5, 3, 1)": [-9341.128819088952, -8901.757410612221, -8791.641952551197, -8897.927785770167, -8890.768748529872, -9759.043399693574, -8686.976233587986]}}