{"id": "INT_17", "epsilon": 0.2981456616707162, "total_steps": 62, "q_table": {"(5, 0, 2, 1)": [-12.25, 0.0, 0.0, 0.0, 0.0, 0.0, 0.0], "(8, 1, 2, 0)": [-18.540000000000003, 0.0, 0.0, 0.0, 0.0, 0.0, 0.0], "(10, 1, 2, 1)": [0.0, 0.0, 0.0, -23.62, 0.0, 0.0, 0.0], "(10, 2, 2, 1)": [-28.760000000000005, 0.0, 0.0, 0.0, 0.0, 0.0, 0.0], "(10, 2, 2, 0)": [-36.980000000000004, 0.0, 0.0, 0.0, 0.0, 0.0, 0.0], "(10, 3, 2, 1)": [-42.17, 0.0, 0.0, 0.0, 0.0, 0.0, 0.0], "(10, 3, 2, 0)": [0.0, 0.0, 0.0, 0.0, -50.99, 0.0, 0.0], "(10, 4, 2, 0)": [-58.629999999999995, 0.0, 0.0, 0.0, 0.0, 0.0, 0.0], "(10, 5, 2, 1)": [-792.370181, -993.0334689975, -828.9736055000001, -1014.893543425, -1180.0282754475002, -1080.2152984075, -1336.7373767745003], "(10, 5, 2, 0)": [-741.8812505000001, -1005.4079609800001, -1104.5186812074999, -969.6286529000001, -832.8319055, -911.16528, -838.0583482500001]}}