{"id": "INT_15", "epsilon": 0.2981456616707162, "total_steps": 62, "q_table": {"(5, 0, 2, 1)": [-15.230000000000002, 0.0, 0.0, 0.0, 0.0, 0.0, 0.0], "(10, 1, 2, 0)": [-21.430000000000003, 0.0, 0.0, 0.0, 0.0, 0.0, 0.0], "(10, 2, 2, 1)": [-28.130000000000003, 0.0, 0.0, 0.0, 0.0, 0.0, 0.0], "(10, 2, 2, 0)": [-36.480000000000004, 0.0, 0.0, 0.0, 0.0, 0.0, 0.0], "(10, 3, 2, 1)": [-46.63, 0.0, 0.0, 0.0, 0.0, 0.0, 0.0], "(10, 4, 2, 1)": [0.0, 0.0, 0.0, -57.68, 0.0, 0.0, 0.0], "(10, 5, 2, 1)": [-1203.64563365, -721.6457674112501, -1105.11536461125, -816.7488423750001, -737.846594, -1300.2936900025002, -865.1755447500001], "(10, 5, 2, 0)": [-1112.526627379069, -887.7237602250001, -967.8457627500002, -1083.6262568000002, -942.23639325, -954.4584114112502, -1059.8761198750003]}}