{"id": "INT_05", "epsilon": 0.2918911925480051, "total_steps": 274, "q_table": {"(6, 0, 2, 1)": [-13.77, 0.0, 0.0, 0.0, 0.0, 0.0, 0.0], "(10, 1, 2, 0)": [-20.14, 0.0, 0.0, 0.0, 0.0, 0.0, 0.0], "(10, 1, 2, 1)": [-27.660000000000004, 0.0, 0.0, 0.0, 0.0, 0.0, 0.0], "(10, 2, 2, 0)": [-32.35, 0.0, 0.0, 0.0, 0.0, 0.0, 0.0], "(10, 2, 2, 1)": [0.0, 0.0, 0.0, -40.52, 0.0, 0.0, 0.0], "(10, 3, 2, 1)": [-47.2, 0.0, 0.0, 0.0, 0.0, 0.0, 0.0], "(10, 4, 2, 0)": [0.0, 0.0, -53.0, 0.0, 0.0, 0.0, 0.0], "(10, 5, 2, 1)": [-3118.8902990571864, -3341.991436991461, -2632.0931539563476, -3525.118272161274, -2919.169152479343, -3052.980924689373, -3631.243718756217], "(10, 5, 2, 0)": [-3392.753288298836, -3991.269487492834, -3121.3362285065537, -3038.5860546248623, -3520.0764649741463, -2948.8535179405835, -2927.490780631907], "(10, 5, 3, 1)": [-8779.496489376805, -8947.157885083596, -9046.69004430113, -9182.833358900276, -9309.083953460196, -9036.028751856105, -9284.046464179086], "(10, 5, 3, 0)": [-9233.61447385404, -9237.99055957376, -9487.58940700362, -9359.27135925163, -9373.159086726813, -9226.400746128898, -9200.149749385228]}}