{"id": "INT_11", "epsilon": 0.2918911925480051, "total_steps": 274, "q_table": {"(1, 0, 2, 1)": [0.0, -9.9, 0.0, 0.0, 0.0, 0.0, 0.0], "(7, 0, 2, 0)": [-18.919999999999998, 0.0, 0.0, 0.0, 0.0, 0.0, 0.0], "(10, 1, 2, 1)": [-26.830000000000002, 0.0, 0.0, 0.0, 0.0, 0.0, 0.0], "(10, 2, 2, 0)": [-31.09, 0.0, 0.0, 0.0, 0.0, 0.0, 0.0], "(10, 2, 2, 1)": [-37.44, 0.0, 0.0, 0.0, 0.0, 0.0, 0.0], "(10, 3, 2, 0)": [-44.13, 0.0, 0.0, 0.0, 0.0, 0.0, 0.0], "(10, 4, 2, 1)": [-52.220000000000006, 0.0, 0.0, 0.0, 0.0, 0.0, 0.0], "(10, 5, 2, 0)": [-2997.1335479276013, -3270.9967753313194, -3486.508547224504, -3209.4530145948647, -2824.1753227167055, -2889.4034950478576, -3089.2414391487946], "(10, 5, 2, 1)": [-2930.915614264643, -2764.3080162188962, -2929.909879244256, -3243.9035251640867, -2720.034068009816, -2954.1507765745973, -3396.669855172834], "(10, 5, 3, 0)": [-9058.166435891302, -9321.13997942442, -8568.443577241167, -8694.802990183107, -8740.926934270876, -9294.538226897092, -8330.984390149435], "(10, 5, 3, 1)": [-8657.905774423461, -8777.057506422298, -8991.293389562226, -7993.788772582746, -8533.755111875354, -7994.9757986441755, -8732.810378345324]}}