{"id": "INT_01", "epsilon": 0.2918911925480051, "total_steps": 274, "q_table": {"(3, 0, 2, 1)": [-12.46, 0.0, 0.0, 0.0, 0.0, 0.0, 0.0], "(8, 1, 2, 0)": [-17.400000000000002, 0.0, 0.0, 0.0, 0.0, 0.0, 0.0], "(10, 1, 2, 1)": [0.0, 0.0, 0.0, -23.290000000000003, 0.0, 0.0, 0.0], "(10, 2, 2, 1)": [-30.960000000000004, 0.0, 0.0, 0.0, 0.0, 0.0, 0.0], "(10, 3, 2, 0)": [-39.650000000000006, 0.0, 0.0, 0.0, 0.0, 0.0, 0.0], "(10, 3, 2, 1)": [0.0, 0.0, 0.0, 0.0, 0.0, -43.39, -49.85], "(10, 4, 2, 1)": [-55.629999999999995, 0.0, 0.0, 0.0, 0.0, 0.0, 0.0], "(10, 5, 2, 0)": [-3690.8257940022904, -3203.169700684544, -2961.995749713925, -2896.3194546837153, -3312.6459475023894, -2848.8485341644964, -2748.2308127847487], "(10, 5, 2, 1)": [-3083.5809687634382, -2975.5795869367666, -3088.109941797438, -3021.5156919544033, -2820.633760238918, -3244.3004805539276, -3229.0707996805704], "(10, 5, 3, 0)": [-8023.582886280211, -9061.588666443096, -8504.273941526622, -8633.297563141003, -8700.545636491948, -8078.980495496752, -8583.860223547463], "(10, 5, 3, 1)": [-8744.73419475446, -8362.393795315185, -8750.868486206644, -9054.052927173398, -9227.451279303668, -8663.480742315527, -8723.255371424275]}}