{"id": "INT_18", "epsilon": 0.2981456616707162, "total_steps": 62, "q_table": {"(4, 0, 2, 1)": [0.0, 0.0, 0.0, 0.0, 0.0, 0.0, -11.190000000000001], "(8, 0, 2, 1)": [-16.84, 0.0, 0.0, 0.0, 0.0, 0.0, 0.0], "(10, 1, 2, 0)": [0.0, 0.0, 0.0, -25.730000000000004, 0.0, 0.0, 0.0], "(10, 2, 2, 0)": [-36.839999999999996, 0.0, 0.0, 0.0, 0.0, 0.0, 0.0], "(10, 3, 2, 1)": [-43.39, 0.0, 0.0, 0.0, 0.0, 0.0, 0.0], "(10, 4, 2, 0)": [0.0, 0.0, -46.980000000000004, 0.0, 0.0, 0.0, -54.52000000000001], "(10, 4, 2, 1)": [-48.13, 0.0, 0.0, 0.0, 0.0, 0.0, 0.0], "(10, 5, 2, 0)": [-564.647905, -588.799675, -1447.2696732497502, -965.45044925, -738.9916780000001, -1168.4061207500001, -531.5389], "(10, 5, 2, 1)": [-897.7107050000001, -768.1043825000002, -894.8246944000001, -1056.9568437, -958.8586075000001, -1035.550227075, -1060.122645705]}}