{"id": "INT_08", "epsilon": 0.2981456616707162, "total_steps": 62, "q_table": {"(6, 0, 2, 1)": [-16.03, 0.0, 0.0, 0.0, 0.0, 0.0, 0.0], "(10, 1, 2, 0)": [-24.62, 0.0, 0.0, 0.0, 0.0, 0.0, 0.0], "(10, 2, 2, 1)": [-34.5, 0.0, 0.0, 0.0, 0.0, 0.0, 0.0], "(10, 3, 2, 0)": [-40.56, 0.0, 0.0, 0.0, 0.0, 0.0, 0.0], "(10, 3, 2, 1)": [-45.99, 0.0, 0.0, 0.0, 0.0, 0.0, 0.0], "(10, 4, 2, 0)": [-59.07000000000001, 0.0, 0.0, 0.0, 0.0, 0.0, 0.0], "(10, 5, 2, 1)": [-827.3903415, -930.513537, -1209.08201419, -1252.32543201275, -802.2899265, -1049.085471575, -1092.4251840000002], "(10, 5, 2, 0)": [-960.5877785, -786.5879163975001, -822.845681925, -980.839695095, -1042.16189709, -1200.1300476000001, -1317.7609955000003]}}