{"id": "INT_14", "epsilon": 0.2918911925480051, "total_steps": 274, "q_table": {"(5, 0, 2, 1)": [-17.28, 0.0, 0.0, 0.0, 0.0, 0.0, 0.0], "(10, 1, 2, 0)": [-22.810000000000002, 0.0, 0.0, 0.0, 0.0, 0.0, 0.0], "(10, 2, 2, 1)": [-26.42, 0.0, 0.0, 0.0, 0.0, 0.0, 0.0], "(10, 2, 2, 0)": [-33.089999999999996, 0.0, 0.0, 0.0, 0.0, 0.0, 0.0], "(10, 3, 2, 1)": [-40.47, 0.0, 0.0, 0.0, 0.0, 0.0, 0.0], "(10, 3, 2, 0)": [0.0, 0.0, 0.0, 0.0, -45.99, 0.0, 0.0], "(10, 4, 2, 0)": [0.0, 0.0, 0.0, -54.27000000000001, 0.0, 0.0, 0.0], "(10, 5, 2, 1)": [-3334.1785371774463, -3251.5796868114667, -3131.9812358780005, -3698.0057217264807, -2940.4003289755474, -2855.9493284894465, -3236.1819491831425], "(10, 5, 2, 0)": [-3123.9080936417263, -3327.1261815223884, -2844.8521224847177, -3215.8906132842317, -3028.050118757305, -3417.9738236584485, -3399.758909637615], "(10, 5, 3, 1)": [-9405.586579953988, -9192.437197809128, -9451.923119821675, -9134.427353079, -8686.738499092673, -9258.103082129961, -9339.169864518866], "(10, 5, 3, 0)": [-9615.673215870012, -9105.952953811444, -8810.05834028539, -9744.938513259835, -9224.409450352843, -9294.055018028781, -9223.78104737331]}}