{"id": "INT_01", "epsilon": 0.2981456616707162, "total_steps": 62, "q_table": {"(5, 0, 2, 1)": [-12.89, 0.0, 0.0, 0.0, 0.0, 0.0, 0.0], "(9, 1, 2, 0)": [0.0, 0.0, 0.0, 0.0, -17.880000000000003, 0.0, 0.0], "(10, 1, 2, 0)": [0.0, 0.0, 0.0, -28.72, 0.0, 0.0, 0.0], "(10, 2, 2, 1)": [-34.6, 0.0, 0.0, 0.0, 0.0, 0.0, 0.0], "(10, 3, 2, 0)": [0.0, -42.67, 0.0, 0.0, 0.0, 0.0, 0.0], "(10, 4, 2, 1)": [-48.17, 0.0, 0.0, 0.0, 0.0, 0.0, -58.77000000000001], "(10, 5, 2, 1)": [-898.2892943375, -1446.2965529095002, -875.5141855, -1430.7933259025, -721.5161475, -959.3051760000001, -900.2098892500001], "(10, 5, 2, 0)": [-1050.37688278, -1102.6015946125, -1149.8067807625002, -737.6069305000001, -957.800639, -838.2234315000001, -901.86725]}}