{"id": "INT_19", "epsilon": 0.2982649497559146, "total_steps": 62, "q_table": {"(5, 0, 2, 1)": [0.0, 0.0, 0.0, -12.880000000000003, 0.0, 0.0, 0.0], "(9, 1, 2, 1)": [0.0, -21.07, 0.0, 0.0, 0.0, 0.0, 0.0], "(10, 2, 2, 0)": [-26.47, 0.0, 0.0, 0.0, 0.0, 0.0, 0.0], "(10, 2, 2, 1)": [0.0, 0.0, 0.0, 0.0, 0.0, -36.02, 0.0], "(10, 3, 2, 1)": [-45.89, 0.0, 0.0, 0.0, 0.0, 0.0, 0.0], "(10, 4, 2, 1)": [-52.96000000000001, 0.0, 0.0, 0.0, 0.0, 0.0, 0.0], "(10, 5, 2, 0)": [-787.95725, -1017.4808961262501, -802.59765625, -1078.26073380375, -1024.8106992500002, -760.6956697500001, -827.451509775], "(10, 5, 2, 1)": [-1056.7111824512501, -1158.72700625375, -1310.4200801075, -1077.324084, -1077.64118625, -936.1566157500001, -897.28534125]}}