{"id": "INT_18", "epsilon": 0.2918911925480051, "total_steps": 274, "q_table": {"(5, 0, 2, 1)": [-16.28, 0.0, 0.0, 0.0, 0.0, 0.0, 0.0], "(10, 1, 2, 0)": [-16.76, 0.0, 0.0, 0.0, 0.0, 0.0, 0.0], "(10, 1, 2, 1)": [-23.650000000000002, 0.0, 0.0, 0.0, 0.0, 0.0, 0.0], "(10, 2, 2, 0)": [0.0, -45.93000000000001, 0.0, -29.360000000000003, 0.0, -34.510000000000005, 0.0], "(10, 4, 2, 1)": [-55.720000000000006, 0.0, 0.0, 0.0, 0.0, 0.0, 0.0], "(10, 5, 2, 0)": [-3532.5009959544386, -3053.633347371387, -3264.1089138138345, -3419.6407091682327, -3421.434405110807, -3372.716806788667, -2893.349390643713], "(10, 5, 2, 1)": [-3185.78453080455, -3294.4409930340507, -2912.6930513739985, -2755.7843381136563, -3166.264033024107, -3155.842221693541, -2932.9851111726425], "(10, 5, 3, 1)": [-9096.368218312684, -8767.968651760468, -9452.828694047816, -9013.305591714125, -9331.093443626782, -9245.377707480377, -8952.597658872457], "(10, 5, 3, 0)": [-9185.40688255376, -9410.688102736964, -9379.997702940102, -8692.332656954726, -9438.339417837085, -8990.226396655607, -9166.328906729068]}}