{"id": "INT_10", "epsilon": 0.2981456616707162, "total_steps": 62, "q_table": {"(5, 0, 2, 1)": [-15.969999999999999, 0.0, 0.0, 0.0, 0.0, 0.0, 0.0], "(10, 1, 2, 0)": [-22.230000000000004, 0.0, 0.0, 0.0, 0.0, 0.0, 0.0], "(10, 2, 2, 1)": [-28.510000000000005, 0.0, 0.0, 0.0, 0.0, 0.0, 0.0], "(10, 2, 2, 0)": [-33.68, 0.0, 0.0, 0.0, 0.0, 0.0, 0.0], "(10, 3, 2, 1)": [-44.6, 0.0, 0.0, 0.0, 0.0, 0.0, 0.0], "(10, 4, 2, 1)": [-52.71000000000001, 0.0, 0.0, 0.0, 0.0, 0.0, 0.0], "(10, 5, 2, 0)": [-915.168537, -1227.99221003375, -1056.145006675, -1449.5214983125002, -987.1573237499999, -1190.98328169625, -854.5321175000001], "(10, 4, 2, 0)": [0.0, 0.0, 0.0, 0.0, -62.650000000000006, 0.0, 0.0], "(10, 5, 2, 1)": [-902.1987141249999, -1061.95415085875, -971.56302702125, -662.35487825, -1061.6355211750001, -781.7494940000001, -825.8782765000001]}}