{"id": "INT_08", "epsilon": 0.2918911925480051, "total_steps": 274, "q_table": {"(5, 0, 2, 1)": [0.0, -13.25, 0.0, 0.0, 0.0, 0.0, 0.0], "(9, 1, 2, 0)": [-18.96, 0.0, 0.0, 0.0, 0.0, 0.0, 0.0], "(10, 1, 2, 1)": [-29.27, 0.0, 0.0, 0.0, 0.0, 0.0, 0.0], "(10, 2, 2, 0)": [-37.27, 0.0, 0.0, 0.0, 0.0, 0.0, 0.0], "(10, 3, 2, 1)": [-46.830000000000005, 0.0, 0.0, 0.0, 0.0, 0.0, 0.0], "(10, 4, 2, 0)": [-57.1, 0.0, 0.0, 0.0, 0.0, 0.0, 0.0], "(10, 5, 2, 1)": [-3104.5996679259943, -3481.658883278089, -3159.9465695424647, -3335.929647511391, -2707.454522126775, -2946.253485157808, -2578.749858021486], "(10, 5, 2, 0)": [-3129.838465403227, -3341.0952614607436, -3190.98815137663, -2937.913278160918, -2992.5147162588555, -3103.0943948104477, -3544.624081742374], "(10, 5, 3, 0)": [-8947.91578749735, -9259.075500452647, -8574.803404864115, -8823.806568422518, -8745.325997433398, -8858.29121570212, -8936.663093398327], "(10, 5, 3, 1)": [-8504.8196234782, -9222.9125993299, -9476.681457271397, -8774.739923981968, -9001.13226329691, -8938.533772134491, -8915.532429757837]}}