{"id": "INT_03", "epsilon": 0.2981456616707162, "total_steps": 62, "q_table": {"(5, 0, 2, 1)": [-13.469999999999999, 0.0, 0.0, 0.0, 0.0, 0.0, 0.0], "(9, 1, 2, 0)": [0.0, 0.0, 0.0, 0.0, -20.22, 0.0, 0.0], "(10, 1, 2, 0)": [-28.460000000000004, 0.0, 0.0, 0.0, 0.0, 0.0, 0.0], "(10, 2, 2, 1)": [-30.62, 0.0, 0.0, 0.0, 0.0, 0.0, 0.0], "(10, 2, 2, 0)": [0.0, 0.0, 0.0, 0.0, 0.0, 0.0, -40.29], "(10, 3, 2, 0)": [0.0, 0.0, 0.0, 0.0, 0.0, 0.0, -48.830000000000005], "(10, 4, 2, 0)": [-59.800000000000004, 0.0, 0.0, 0.0, 0.0, 0.0, 0.0], "(10, 5, 2, 1)": [-832.2607512500001, -988.2402216885, -1123.630578925, -680.6177352500001, -1076.65078378375, -1066.6594663237502, -1315.3600898175], "(10, 5, 2, 0)": [-1024.83936532875, -905.06633615, -796.3363996750002, -710.8371830000001, -1252.1959015085, -793.7332875000001, -1509.2222742988752]}}