{"id": "INT_13", "epsilon": 0.2918911925480051, "total_steps": 274, "q_table": {"(3, 0, 2, 1)": [-11.21, 0.0, 0.0, 0.0, 0.0, 0.0, 0.0], "(8, 1, 2, 0)": [-20.340000000000003, 0.0, 0.0, 0.0, 0.0, 0.0, 0.0], "(10, 1, 2, 1)": [-27.24, 0.0, 0.0, 0.0, 0.0, 0.0, 0.0], "(10, 2, 2, 0)": [-35.5, 0.0, 0.0, 0.0, 0.0, 0.0, 0.0], "(10, 3, 2, 1)": [-42.2, 0.0, 0.0, 0.0, 0.0, 0.0, 0.0], "(10, 4, 2, 0)": [-50.5, 0.0, 0.0, 0.0, 0.0, 0.0, 0.0], "(10, 4, 2, 1)": [-53.800000000000004, 0.0, 0.0, 0.0, 0.0, 0.0, 0.0], "(10, 5, 2, 0)": [-2858.110361088453, -3702.4769833275423, -3313.2515283695648, -2836.9520155080068, -2741.10140529829, -2904.134995182444, -2994.804638409777], "(10, 5, 2, 1)": [-2976.8470968757715, -2902.7072090499023, -4218.936737310609, -3873.3851704646163, -2413.6377858242286, -2811.417098773145, -2660.2148905719964], "(10, 5, 3, 1)": [-8585.663199251412, -8401.066144971768, -9741.815089695941, -8831.306514146781, -9036.198763483993, -8819.30525270639, -8994.764351684255], "(10, 5, 3, 0)": [-8958.554795814678, -8810.78035580715, -9351.561981688154, -9221.898782824308, -9179.791178441552, -9979.363026188686, -9051.58405515163]}}