{"id": "INT_06", "epsilon": 0.2918911925480051, "total_steps": 274, "q_table": {"(4, 0, 2, 1)": [-14.600000000000001, 0.0, 0.0, 0.0, 0.0, 0.0, 0.0], "(10, 1, 2, 0)": [-17.21, 0.0, 0.0, 0.0, 0.0, 0.0, 0.0], "(10, 1, 2, 1)": [-22.32, 0.0, 0.0, 0.0, 0.0, 0.0, 0.0], "(10, 2, 2, 0)": [-30.92, 0.0, 0.0, 0.0, 0.0, 0.0, 0.0], "(10, 3, 2, 1)": [-38.7, 0.0, -48.77, 0.0, 0.0, 0.0, 0.0], "(10, 3, 2, 0)": [-41.800000000000004, 0.0, 0.0, 0.0, 0.0, 0.0, 0.0], "(10, 4, 2, 0)": [-54.03, 0.0, 0.0, 0.0, 0.0, 0.0, 0.0], "(10, 5, 2, 1)": [-3671.797327624542, -3765.7033769413197, -2696.1509276966235, -3250.946442616908, -2655.8691246535022, -2788.5300858345895, -2901.6929718492092], "(10, 5, 2, 0)": [-2823.8113151203133, -2975.686618557709, -3366.321403174899, -2893.6052329570043, -3819.0469801406057, -2939.7336148964255, -3012.9959697670442], "(10, 5, 3, 0)": [-8994.200075961511, -9237.746953087011, -8675.077144128069, -8752.716728434323, -8744.360719453878, -8723.001685026416, -8854.135573370853], "(10, 5, 3, 1)": [-8116.758550064791, -7973.209168519607, -9326.401650614554, -9299.4348484568, -8693.117200599832, -8674.838004547575, -7950.532010696794]}}