{"id": "INT_10", "epsilon": 0.2918911925480051, "total_steps": 274, "q_table": {"(4, 0, 2, 1)": [-15.11, 0.0, 0.0, 0.0, 0.0, 0.0, 0.0], "(10, 1, 2, 0)": [-24.37, 0.0, 0.0, 0.0, 0.0, 0.0, 0.0], "(10, 2, 2, 1)": [-32.12, 0.0, 0.0, 0.0, 0.0, 0.0, 0.0], "(10, 3, 2, 0)": [-37.160000000000004, 0.0, 0.0, 0.0, 0.0, 0.0, 0.0], "(10, 3, 2, 1)": [-43.64, 0.0, 0.0, 0.0, 0.0, 0.0, 0.0], "(10, 4, 2, 0)": [-48.63, 0.0, 0.0, 0.0, 0.0, 0.0, 0.0], "(10, 4, 2, 1)": [0.0, 0.0, -57.900000000000006, 0.0, 0.0, 0.0, 0.0], "(10, 5, 2, 0)": [-2896.034979676065, -3101.3598361737363, -3029.9506539602758, -2975.627108431874, -2624.7237170159274, -2687.812710671138, -3752.4473551126202], "(10, 5, 2, 1)": [-3421.321945038479, -3004.840256522688, -3128.8735459973104, -2889.2788364008584, -2782.7655180507068, -2823.844392581575, -3283.083149916092], "(10, 5, 3, 0)": [-9406.690003997192, -9499.481925176355, -8213.822165700934, -8906.883401391078, -8336.403727829847, -9328.508340570757, -8787.585210359899], "(10, 5, 3, 1)": [-8452.640481518409, -9419.13302570855, -8900.571258714466, -8959.6795908923, -8736.05778415446, -8353.895198815813, -8130.444846430593]}}