{"id": "INT_20", "epsilon": 0.2981456616707162, "total_steps": 62, "q_table": {"(4, 0, 2, 1)": [0.0, -14.12, 0.0, 0.0, 0.0, 0.0, 0.0], "(10, 1, 2, 0)": [-19.87, 0.0, 0.0, 0.0, 0.0, 0.0, 0.0], "(10, 1, 2, 1)": [-26.910000000000004, 0.0, 0.0, 0.0, 0.0, 0.0, 0.0], "(10, 2, 2, 0)": [-32.589999999999996, 0.0, 0.0, 0.0, 0.0, 0.0, 0.0], "(10, 3, 2, 1)": [0.0, -42.02, 0.0, 0.0, 0.0, 0.0, 0.0], "(10, 4, 2, 1)": [-50.6, 0.0, 0.0, 0.0, 0.0, 0.0, 0.0], "(10, 5, 2, 0)": [-1166.7172455375, -1329.435192722625, -580.7411910000001, -648.670134775, -1038.3969947250002, -1096.8568925450002, -706.50464625], "(10, 5, 2, 1)": [-975.36930675, -1117.125669995, -893.68316225, -1102.33226436125, -788.3489191250001, -1154.328094775, -1141.155504]}}