{"id": "INT_02", "epsilon": 0.2981456616707162, "total_steps": 62, "q_table": {"(3, 0, 2, 1)": [-13.52, 0.0, 0.0, 0.0, 0.0, 0.0, 0.0], "(9, 1, 2, 0)": [-21.560000000000002, 0.0, 0.0, 0.0, 0.0, 0.0, 0.0], "(10, 2, 2, 1)": [-29.54, 0.0, 0.0, 0.0, 0.0, 0.0, 0.0], "(10, 3, 2, 0)": [-37.47, 0.0, 0.0, 0.0, 0.0, 0.0, 0.0], "(10, 3, 2, 1)": [-45.330000000000005, 0.0, 0.0, 0.0, 0.0, 0.0, 0.0], "(10, 4, 2, 0)": [-48.94, 0.0, 0.0, 0.0, 0.0, 0.0, 0.0], "(10, 4, 2, 1)": [-56.6, 0.0, 0.0, 0.0, 0.0, 0.0, 0.0], "(10, 5, 2, 0)": [-820.8241540000001, -986.12619105, -756.8445117, -853.52795475, -1124.13424212375, -1017.6247814275, -986.99212689625], "(10, 5, 2, 1)": [-1156.4452526290002, -851.7665159712501, -1199.745573075, -985.9717298775, -899.659806825, -1108.37207924875, -680.5840002499999]}}