{"id": "INT_12", "epsilon": 0.2981456616707162, "total_steps": 62, "q_table": {"(6, 0, 2, 1)": [-15.780000000000001, 0.0, 0.0, 0.0, 0.0, 0.0, 0.0], "(10, 1, 2, 0)": [-23.25, 0.0, 0.0, 0.0, 0.0, 0.0, 0.0], "(10, 2, 2, 1)": [0.0, 0.0, 0.0, -32.42, 0.0, 0.0, 0.0], "(10, 3, 2, 1)": [0.0, -42.27, 0.0, 0.0, 0.0, 0.0, 0.0], "(10, 4, 2, 0)": [-47.160000000000004, 0.0, 0.0, 0.0, 0.0, 0.0, 0.0], "(10, 4, 2, 1)": [-60.02000000000001, 0.0, 0.0, 0.0, 0.0, 0.0, 0.0], "(10, 5, 2, 1)": [-1352.0154857100001, -782.37494795, -1043.1724732500002, -1535.60821160975, -778.940819, -1013.4622492475, -870.7932236675], "(10, 5, 2, 0)": [-992.9050368050001, -816.6826628175, -1116.3982431775003, -901.8327057500001, -893.9866586725, -930.6359560000001, -931.90718575]}}