{"id": "INT_03", "epsilon": 0.2918911925480051, "total_steps": 274, "q_table": {"(4, 0, 2, 1)": [-15.16, 0.0, 0.0, 0.0, 0.0, 0.0, 0.0], "(10, 1, 2, 0)": [-24.680000000000003, 0.0, 0.0, 0.0, 0.0, 0.0, 0.0], "(10, 2, 2, 1)": [-30.650000000000002, 0.0, 0.0, 0.0, 0.0, 0.0, 0.0], "(10, 2, 2, 0)": [-36.99, 0.0, 0.0, 0.0, 0.0, 0.0, 0.0], "(10, 3, 2, 1)": [-43.45, 0.0, 0.0, 0.0, 0.0, 0.0, 0.0], "(10, 3, 2, 0)": [-53.050000000000004, 0.0, 0.0, 0.0, 0.0, 0.0, 0.0], "(10, 5, 2, 1)": [-3006.2697859662026, -2866.6346469492955, -3278.2447236544763, -3377.2661921720724, -3135.4698320410007, -2857.80292194482, -3145.8515803630085], "(10, 5, 2, 0)": [-3488.0652848823643, -3501.5357555674987, -3681.678005355988, -3310.9036998980414, -3204.9033024301466, -3491.491715249277, -3501.044111010344], "(10, 5, 3, 1)": [-9563.124082961609, -9046.440976125989, -8870.457881761995, -9356.914511637724, -9193.95439345846, -9152.870174949092, -9482.508882678912], "(10, 5, 3, 0)": [-9491.62099285133, -8890.445995361477, -9082.044567287328, -8434.137292433323, -8700.685679914086, -9508.400707048788, -10601.723056108081]}}