{"id": "INT_07", "epsilon": 0.29192038458646374, "total_steps": 274, "q_table": {"(4, 0, 2, 1)": [0.0, 0.0, 0.0, 0.0, -10.25, 0.0, 0.0], "(7, 0, 2, 1)": [-18.78, 0.0, 0.0, 0.0, 0.0, 0.0, 0.0], "(10, 1, 2, 0)": [0.0, 0.0, 0.0, -23.82, 0.0, 0.0, 0.0], "(10, 2, 2, 0)": [-29.17, 0.0, 0.0, 0.0, 0.0, 0.0, 0.0], "(10, 2, 2, 1)": [-34.95, 0.0, 0.0, 0.0, 0.0, 0.0, 0.0], "(10, 3, 2, 0)": [-41.21000000000001, 0.0, 0.0, 0.0, 0.0, 0.0, 0.0], "(10, 4, 2, 1)": [-47.67, 0.0, 0.0, 0.0, 0.0, 0.0, 0.0], "(10, 4, 2, 0)": [-54.29, 0.0, 0.0, 0.0, 0.0, 0.0, 0.0], "(10, 5, 2, 1)": [-3344.7328529011975, -2892.893922606069, -2991.4489115897486, -3079.706295318718, -3117.8432034795906, -2800.84855444857, -3034.8399606399994], "(10, 5, 2, 0)": [-2817.9696069925985, -3152.027530663815, -3078.515226858945, -3690.061586880108, -3125.4074966073363, -2677.159537035566, -2289.6421521920633], "(10, 5, 3, 1)": [-8641.01145019737, -9592.986414541509, -9266.942257154185, -9029.885582377961, -8303.36882123264, -8850.913824081958, -8216.052063852936], "(10, 5, 3, 0)": [-8654.69381374961, -8980.550026710456, -8787.348862651303, -9003.92219141075, -9176.222965613752, -9191.108907968064, -9076.214217773606]}}