{"id": "INT_09", "epsilon": 0.2918911925480051, "total_steps": 274, "q_table": {"(3, 0, 2, 1)": [-10.3, 0.0, 0.0, 0.0, 0.0, 0.0, 0.0], "(7, 0, 2, 0)": [-13.950000000000001, 0.0, 0.0, 0.0, 0.0, 0.0, 0.0], "(10, 1, 2, 1)": [-19.990000000000002, 0.0, 0.0, 0.0, 0.0, 0.0, 0.0], "(10, 1, 2, 0)": [-27.59, 0.0, 0.0, 0.0, 0.0, 0.0, 0.0], "(10, 2, 2, 1)": [-35.44, 0.0, 0.0, 0.0, 0.0, 0.0, 0.0], "(10, 3, 2, 0)": [-40.89, 0.0, 0.0, 0.0, 0.0, 0.0, 0.0], "(10, 4, 2, 1)": [-43.36000000000001, 0.0, 0.0, -55.25, 0.0, 0.0, 0.0], "(10, 4, 2, 0)": [-49.18000000000001, 0.0, 0.0, 0.0, 0.0, 0.0, 0.0], "(10, 5, 2, 1)": [-2831.020204107025, -3022.3611704021523, -3128.078450154254, -2910.328116599949, -3181.957960912174, -3254.1131272110842, -3099.1433332181905], "(10, 5, 2, 0)": [-2724.8185915978956, -3147.3530720044614, -3543.9931508358477, -2932.1632554326625, -2784.2815510706764, -2609.550857855335, -3220.1931616415695], "(10, 5, 3, 1)": [-8696.094241738094, -8742.012234188222, -8703.913128837037, -9245.464851199198, -8737.905714756036, -8898.242314885032, -9321.542062287917], "(10, 5, 3, 0)": [-8574.506685465243, -8518.836909047443, -8711.971490149419, -8663.905315178048, -8161.301344578605, -8908.247534611179, -8783.010301553019]}}